personId,personId
2006LAPI01,2006LAPI01
2005KOZK01,2005KOZK01
2007POLK01,2007POLK01
2003VAND01,2003VAND01
2005KURC01,2005KURC01
2006WLOS01,2006WLOS01
2003BRUC01,2003BRUC01
2004GALL02,2004GALL02
2005LUCZ01,2005LUCZ01
2006GALE01,2006GALE01
2006GORS01,2006GORS01
2006ORKE01,2006ORKE01
2006FRAN01,2006FRAN01
2006PRUS01,2006PRUS01
2006KUTI01,2006KUTI01
2007ALEX01,2007ALEX01
2006ROBA01,2006ROBA01
2006CUDZ01,2006CUDZ01
2006ZAWI02,2006ZAWI02
2005STUD01,2005STUD01
2006ZAWI01,2006ZAWI01
2005CIAL02,2005CIAL02
2004NAGY01,2004NAGY01
2005KOCZ01,2005KOCZ01
2007BODO01,2007BODO01
2005KREZ01,2005KREZ01
2005PEER01,2005PEER01
2007JIPT01,2007JIPT01
2003DENN01,2003DENN01
2006BURN01,2006BURN01
2007JAKU01,2007JAKU01
2005KACP01,2005KACP01
2007GORS01,2007GORS01
2003ZBOR02,2003ZBOR02
2007KRZY01,2007KRZY01
2006MORG01,2006MORG01
2007STAW01,2007STAW01
2006WOJT01,2006WOJT01
2007KORZ01,2007KORZ01
2007LAGI01,2007LAGI01
2007MROZ01,2007MROZ01
2006PRZE01,2006PRZE01
2005DURK01,2005DURK01
2007GANC01,2007GANC01
2006SEWE01,2006SEWE01
2007POTO01,2007POTO01
2006GUZE01,2006GUZE01
2007HABE01,2007HABE01
2006BITE01,2006BITE01
2005PETA01,2005PETA01
2006CHOJ01,2006CHOJ01
2007PONI01,2007PONI01
2005PAWL01,2005PAWL01
2007WOLN01,2007WOLN01
2005ZOLN01,2005ZOLN01
2006PAWL01,2006PAWL01
2005GAWE01,2005GAWE01
2006OLBR01,2006OLBR01
2007WRON01,2007WRON01
2006MARC01,2006MARC01
2005BORY01,2005BORY01
2006MATU02,2006MATU02
2006STWO01,2006STWO01
2007WACL01,2007WACL01
2006OOMS01,2006OOMS01
2007SADO01,2007SADO01
2005JOKS01,2005JOKS01
2007DULD01,2007DULD01
2007JASI01,2007JASI01
2003ZBOR01,2003ZBOR01
2006CZOP01,2006CZOP01
2005WOLA01,2005WOLA01
2007MITO01,2007MITO01
2007RZEP01,2007RZEP01
2006SZWA01,2006SZWA01
2007GUZE01,2007GUZE01
2007LUJI01,2007LUJI01
2006JANG01,2006JANG01
2007LICH01,2007LICH01
2007CHEN06,2007CHEN06
2007TONG01,2007TONG01
2006CHOU01,2006CHOU01
2007LINS01,2007LINS01
2007CHEN08,2007CHEN08
2006JAIW01,2006JAIW01
2006TSAI03,2006TSAI03
2007WUPE01,2007WUPE01
2006FENG02,2006FENG02
2006KANG02,2006KANG02
2007CHEN07,2007CHEN07
2006CHEN03,2006CHEN03
2007LIUS01,2007LIUS01
2007SHIU02,2007SHIU02
2007LINW01,2007LINW01
2006LINC01,2006LINC01
2007CHOU01,2007CHOU01
2007YANG01,2007YANG01
2007HOYI01,2007HOYI01
2007CHAN03,2007CHAN03
2007WANG05,2007WANG05
2007LIKU01,2007LIKU01
2007CHIN01,2007CHIN01
2007PENG01,2007PENG01
2007XUBI01,2007XUBI01
2007CHAN08,2007CHAN08
2007SUNT01,2007SUNT01
2007KEZH01,2007KEZH01
2007WEIY01,2007WEIY01
2007JIAN02,2007JIAN02
2007LIJO01,2007LIJO01
2007CHUE01,2007CHUE01
2007CHEN11,2007CHEN11
2007HOHU01,2007HOHU01
2007ZHAN03,2007ZHAN03
2007KUEN01,2007KUEN01
2007ZHAN02,2007ZHAN02
2007LINW02,2007LINW02
2007LIZH02,2007LIZH02
2007JIAN01,2007JIAN01
2007XIEE01,2007XIEE01
2007XUPE01,2007XUPE01
2007XUYU01,2007XUYU01
2007CHEN10,2007CHEN10
2007ZHON01,2007ZHON01
2007ZHEN01,2007ZHEN01
2007YEYU01,2007YEYU01
2007LIQI01,2007LIQI01
2007ZHUJ01,2007ZHUJ01
2007YIZI01,2007YIZI01
2007PENG02,2007PENG02
2007CHEN12,2007CHEN12
2007YANG02,2007YANG02
2007LUZH01,2007LUZH01
2007LUYU01,2007LUYU01
2007LISI01,2007LISI01
2007LANJ01,2007LANJ01
2007HUAN02,2007HUAN02
2007CHEN09,2007CHEN09
2007JIZI01,2007JIZI01
2007PANZ01,2007PANZ01
2007YAOM01,2007YAOM01
2007ZHOU02,2007ZHOU02
2007LONG01,2007LONG01
2007LIAN01,2007LIAN01
2007TANG01,2007TANG01
2007LUOZ01,2007LUOZ01
2007MEIY01,2007MEIY01
2007HEMI01,2007HEMI01
2007CHEN13,2007CHEN13
2007OUPE01,2007OUPE01
2007ZHOU01,2007ZHOU01
2007LUOR01,2007LUOR01
2007LONG02,2007LONG02
2007WUSH01,2007WUSH01
2007LIZH01,2007LIZH01
2007LIUY01,2007LIUY01
2007TANY01,2007TANY01
2007LIZH03,2007LIZH03
2006KRUE01,2006KRUE01
2007WEIZ02,2007WEIZ02
2007NALA01,2007NALA01
2005BATI01,2005BATI01
2005AKKE01,2005AKKE01
2003MAKI01,2003MAKI01
2006ORLA01,2006ORLA01
2004KRIG01,2004KRIG01
2006JACQ01,2006JACQ01
2007HORV01,2007HORV01
2006TABU02,2006TABU02
2007RUFF01,2007RUFF01
2005OOMS01,2005OOMS01
2004CHAM01,2004CHAM01
2003HARD01,2003HARD01
2006GUNJ01,2006GUNJ01
2003POCH01,2003POCH01
2005CALV02,2005CALV02
2003HARR01,2003HARR01
2004ROUX01,2004ROUX01
2004LOLE01,2004LOLE01
2005SUSE01,2005SUSE01
2004NOOR01,2004NOOR01
2007LIPC01,2007LIPC01
2006SOUC01,2006SOUC01
2007CSAN01,2007CSAN01
2007HOMO01,2007HOMO01
2006YUMO01,2006YUMO01
2006ARAK01,2006ARAK01
2004ZAMO01,2004ZAMO01
2005THOM01,2005THOM01
2006JOHA01,2006JOHA01
2006DZOA03,2006DZOA03
2004KRIG02,2004KRIG02
2005OOTS01,2005OOTS01
2004FERN01,2004FERN01
2004MAOT01,2004MAOT01
2003BURT01,2003BURT01
2007ROKA01,2007ROKA01
2004FELI01,2004FELI01
2007FEKE01,2007FEKE01
2006MATI02,2006MATI02
2004NILS01,2004NILS01
2005KOSE01,2005KOSE01
2005REYN01,2005REYN01
2007PERG01,2007PERG01
2007LOPE01,2007LOPE01
2006BUUS01,2006BUUS01
1982RAZO01,1982RAZO01
2007MOKR01,2007MOKR01
2007POLI01,2007POLI01
2006STAD01,2006STAD01
2007LACZ01,2007LACZ01
2007SINT01,2007SINT01
2007GOUL01,2007GOUL01
2004GALL01,2004GALL01
2007KOND01,2007KOND01
2007LABS01,2007LABS01
2007HORV02,2007HORV02
2006LAMA01,2006LAMA01
2007KOPA01,2007KOPA01
2006MATH01,2006MATH01
2006BUUS02,2006BUUS02
2007FRAJ01,2007FRAJ01
2003LARS01,2003LARS01
2003LEEJ01,2003LEEJ01
2006ARAK02,2006ARAK02
2007ELEK01,2007ELEK01
2005AKUZ01,2005AKUZ01
2006SATT01,2006SATT01
2007DIAZ01,2007DIAZ01
2005GUST02,2005GUST02
2007PETE01,2007PETE01
2004WOLF01,2004WOLF01
2005SIMO01,2005SIMO01
2005HERC01,2005HERC01
2007ORTI01,2007ORTI01
2006PIRZ01,2006PIRZ01
2006HOPD01,2006HOPD01
2007CICH01,2007CICH01
2007BALO03,2007BALO03
2007HESS01,2007HESS01
2006BEYE01,2006BEYE01
2007NOVA01,2007NOVA01
2006BONN01,2006BONN01
2007KOVA01,2007KOVA01
2007FODO01,2007FODO01
2004FONN01,2004FONN01
2007FEHE01,2007FEHE01
2003VOMB01,2003VOMB01
2007GRAB01,2007GRAB01
2007KARA01,2007KARA01
2007BUDI01,2007BUDI01
2007RUFE01,2007RUFE01
2007KERE03,2007KERE03
2007SZAB01,2007SZAB01
2007BALO01,2007BALO01
2007DANI02,2007DANI02
2007MOLI01,2007MOLI01
2007URIA01,2007URIA01
2005KERE01,2005KERE01
2007OLAJ01,2007OLAJ01
2007ZISI01,2007ZISI01
2007GOEP01,2007GOEP01
2007PETR01,2007PETR01
2007KERE02,2007KERE02
2007CHRI02,2007CHRI02
2007BERN01,2007BERN01
2005FARK01,2005FARK01
2007JANK01,2007JANK01
2007BALO02,2007BALO02
2007HANS01,2007HANS01
2007PETO01,2007PETO01
2007DANK01,2007DANK01
2007GALE01,2007GALE01
2005FERE01,2005FERE01
2007JURG01,2007JURG01
2007BERT03,2007BERT03
2005NAGY01,2005NAGY01
2007BERT02,2007BERT02
2007KERE01,2007KERE01
2007ROMF01,2007ROMF01
2007KADA01,2007KADA01
2007SATT01,2007SATT01
2007BERE02,2007BERE02
2006REYN01,2006REYN01
2007MAGY01,2007MAGY01
2007TAKA02,2007TAKA02
2007LAYH01,2007LAYH01
2007PREU01,2007PREU01
2004PONS01,2004PONS01
2007CHAN07,2007CHAN07
2007NAKA03,2007NAKA03
2005VANH01,2005VANH01
2004PATR01,2004PATR01
2006KANG01,2006KANG01
2006TEMM01,2006TEMM01
2003MORG01,2003MORG01
2003MORR01,2003MORR01
2007GUIM01,2007GUIM01
2006OOKU01,2006OOKU01
2004MAOT02,2004MAOT02
2006MOND01,2006MOND01
2007ENDR01,2007ENDR01
2003BADI01,2003BADI01
2004CHAN04,2004CHAN04
2007MULL02,2007MULL02
2007KRAU01,2007KRAU01
1982PETR01,1982PETR01
2007LENO01,2007LENO01
2007SMOH01,2007SMOH01
2005WALT01,2005WALT01
2006HOPM01,2006HOPM01
2004ZIJD01,2004ZIJD01
2005PUDI01,2005PUDI01
2007MAIR01,2007MAIR01
2005SZAB02,2005SZAB02
2007TAKA01,2007TAKA01
2006BUDI01,2006BUDI01
2003SCHE01,2003SCHE01
2007MESC01,2007MESC01
2004COCK01,2004COCK01
2005VANH02,2005VANH02
2006VARG01,2006VARG01
2007FAZE01,2007FAZE01
2006NOVA01,2006NOVA01
2007OEYM01,2007OEYM01
2005PANC01,2005PANC01
2007CSEN01,2007CSEN01
2005GILL01,2005GILL01
2005UHLI01,2005UHLI01
2007MESZ01,2007MESZ01
2007RUDA02,2007RUDA02
2006JOHA02,2006JOHA02
2007RUDA01,2007RUDA01
2007JARA01,2007JARA01
2006SCHI01,2006SCHI01
2006LOUI01,2006LOUI01
2007ROKA02,2007ROKA02
2005KANT01,2005KANT01
2007GRAU01,2007GRAU01
2005STIL01,2005STIL01
2007HASH01,2007HASH01
2007DAVI01,2007DAVI01
2006AUST01,2006AUST01
2007POLS01,2007POLS01
2007FASB01,2007FASB01
2007CHOT01,2007CHOT01
2007PROV01,2007PROV01
2003HELT01,2003HELT01
2004BOSS01,2004BOSS01
2007LITW01,2007LITW01
2006PEET01,2006PEET01
2004GEEL01,2004GEEL01
2005WOIT01,2005WOIT01
2004BAYE01,2004BAYE01
2007SCHU01,2007SCHU01
2007KOZI01,2007KOZI01
2006ADMI01,2006ADMI01
2004BECH01,2004BECH01
2006TSCH01,2006TSCH01
2007WEIN01,2007WEIN01
2005BOSS01,2005BOSS01
2007STRE01,2007STRE01
2007WEIN02,2007WEIN02
2007BARO01,2007BARO01
2007SCHU02,2007SCHU02
2006WALT01,2006WALT01
2005PATZ01,2005PATZ01
2006BIRK01,2006BIRK01
2007SCHO02,2007SCHO02
2007FARE01,2007FARE01
2007CHRI03,2007CHRI03
2007KALK02,2007KALK02
2007KALK01,2007KALK01
2007ORTR01,2007ORTR01
2007SCHE01,2007SCHE01
2006BORS01,2006BORS01
2006DUDD01,2006DUDD01
2007MECH01,2007MECH01
2007NEUD01,2007NEUD01
2005HANN01,2005HANN01
2007WOLL01,2007WOLL01
2007THOM02,2007THOM02
2007WAPP01,2007WAPP01
2003RUET01,2003RUET01
2007HEVE01,2007HEVE01
2003BABC01,2003BABC01
2007CHAP02,2007CHAP02
2007ANTO01,2007ANTO01
2007DARG01,2007DARG01
2005FERN01,2005FERN01
2007BAIL01,2007BAIL01
2007LOGA01,2007LOGA01
2007QUIS01,2007QUIS01
2007ANDE01,2007ANDE01
2007HINO01,2007HINO01
2007FISC01,2007FISC01
2007MCCO01,2007MCCO01
2007CHAP01,2007CHAP01
2007CHRI04,2007CHRI04
2007JRAN01,2007JRAN01
2007LOGA02,2007LOGA02
2007COHE01,2007COHE01
2007YUAL01,2007YUAL01
2007JOHN02,2007JOHN02
2006CORR01,2006CORR01
2005GREE02,2005GREE02
2007COMP01,2007COMP01
2007ROSE02,2007ROSE02
2007CHOI01,2007CHOI01
2007BOYL01,2007BOYL01
2006SAWL01,2006SAWL01
2007EHRI01,2007EHRI01
2007HEAT01,2007HEAT01
2007NELS03,2007NELS03
2007COMP03,2007COMP03
2007CHIA01,2007CHIA01
2006KHOS01,2006KHOS01
2007COHE02,2007COHE02
2007BENI01,2007BENI01
2006NORS01,2006NORS01
2007HERZ01,2007HERZ01
2007ESTE01,2007ESTE01
2007STER01,2007STER01
2007JAME01,2007JAME01
2007WEIE01,2007WEIE01
2007KARS01,2007KARS01
2007BRUS01,2007BRUS01
2007WOOJ01,2007WOOJ01
2007EPST01,2007EPST01
2007KEME01,2007KEME01
2007LESL01,2007LESL01
2007SCIA01,2007SCIA01
2006OUYA01,2006OUYA01
2007ROSE03,2007ROSE03
2007TAMA02,2007TAMA02
2007BARB01,2007BARB01
2007CLEM01,2007CLEM01
2007DIPA01,2007DIPA01
2007REIT01,2007REIT01
2007NELS02,2007NELS02
2007SZCZ01,2007SZCZ01
2007YUSK01,2007YUSK01
2007CHAN10,2007CHAN10
2007OBRI01,2007OBRI01
2007BAIR01,2007BAIR01
2007GULI01,2007GULI01
2007HEGL01,2007HEGL01
2007COMP02,2007COMP02
2006BARL01,2006BARL01
2006PEMB01,2006PEMB01
2004CONN01,2004CONN01
2007BLAC02,2007BLAC02
2007VALL01,2007VALL01
2007CHIE01,2007CHIE01
2007MOBL01,2007MOBL01
2007LENN01,2007LENN01
2007KANG03,2007KANG03
2006WALL01,2006WALL01
2007DERR01,2007DERR01
2007COOP01,2007COOP01
2007SCOT01,2007SCOT01
2007FELT01,2007FELT01
2007CALL01,2007CALL01
2007GRAY02,2007GRAY02
2007COCH01,2007COCH01
2007JAFF01,2007JAFF01
2007ROGE01,2007ROGE01
2007ELLI01,2007ELLI01
2006KITC01,2006KITC01
2007WATA02,2007WATA02
2007MASO01,2007MASO01
2006WANG04,2006WANG04
2005VALD01,2005VALD01
2007NELS01,2007NELS01
2006LEVI01,2006LEVI01
2007DURA01,2007DURA01
2005WUKE01,2005WUKE01
2007LISI02,2007LISI02
2006WRIG01,2006WRIG01
2007SEID01,2007SEID01
2005LODA01,2005LODA01
2006DZOA02,2006DZOA02
2005LWIN01,2005LWIN01
2006GOTT01,2006GOTT01
2007LING01,2007LING01
2007MAHA01,2007MAHA01
2007YUKE01,2007YUKE01
2007YUGU01,2007YUGU01
2007ZHUS01,2007ZHUS01
2006GLEC01,2006GLEC01
2004CHAN02,2004CHAN02
2007HERN02,2007HERN02
2007QATT01,2007QATT01
2007RODR03,2007RODR03
2007WANG06,2007WANG06
2007LEUN01,2007LEUN01
2005BENN01,2005BENN01
2007BROW01,2007BROW01
2007KERA01,2007KERA01
2004OVAD01,2004OVAD01
2007LIUM01,2007LIUM01
2006MUHL01,2006MUHL01
2007CABL01,2007CABL01
2007TAMU01,2007TAMU01
2006FENG01,2006FENG01
2007CAPE01,2007CAPE01
2007TANG02,2007TANG02
2007WERN01,2007WERN01
2007CHAN11,2007CHAN11
2007HITC01,2007HITC01
2007LANG01,2007LANG01
2007NGDA01,2007NGDA01
2007BREE01,2007BREE01
2005XIEE01,2005XIEE01
2007HINK01,2007HINK01
2007CHEN14,2007CHEN14
2006KRUS01,2006KRUS01
2007HEEC01,2007HEEC01
2007ASBJ01,2007ASBJ01
2007HUAN03,2007HUAN03
2006ETTI01,2006ETTI01
2007MAHA02,2007MAHA02
2007JOHN03,2007JOHN03
2007LANG02,2007LANG02
2007ROBI03,2007ROBI03
2007GUTI01,2007GUTI01
2007ASHB01,2007ASHB01
2007RODR04,2007RODR04
2006OOKU02,2006OOKU02
2007SUGA01,2007SUGA01
2006OKAY01,2006OKAY01
2005TAKA02,2005TAKA02
2005SAKA01,2005SAKA01
2006HIRO02,2006HIRO02
2007AKUT01,2007AKUT01
2006SUZU03,2006SUZU03
2006ANDO01,2006ANDO01
2007HIRO01,2007HIRO01
2007DODE01,2007DODE01
2007UEHA01,2007UEHA01
2007HIRA03,2007HIRA03
2006TOKU01,2006TOKU01
2007MAKI01,2007MAKI01
2006UEMU01,2006UEMU01
2007OHMA01,2007OHMA01
2007TAKA03,2007TAKA03
2007KATO02,2007KATO02
2006ZHEN02,2006ZHEN02
2007ADSU01,2007ADSU01
2007SHID01,2007SHID01
2006KARP02,2006KARP02
2007SAIN01,2007SAIN01
2006KIMB01,2006KIMB01
2006TSAO01,2006TSAO01
2005KWON01,2005KWON01
2006MOIT01,2006MOIT01
2007MCKE01,2007MCKE01
2006GARR01,2006GARR01
2005WONG04,2005WONG04
2006CHIU01,2006CHIU01
2007LEBR01,2007LEBR01
2006GOME01,2006GOME01
2005COCH01,2005COCH01
2006TANB01,2006TANB01
2005YANG01,2005YANG01
2006POSE01,2006POSE01
2007SHIU01,2007SHIU01
2005FLEI01,2005FLEI01
2006YOUN03,2006YOUN03
2006ADAM01,2006ADAM01
2007HEMK01,2007HEMK01
2006TAND01,2006TAND01
2005HOGA01,2005HOGA01
2007BLAC01,2007BLAC01
2007CHAN12,2007CHAN12
2007JIAN03,2007JIAN03
2006FIER01,2006FIER01
2007GUGG01,2007GUGG01
2007YIUG01,2007YIUG01
2007PHIL01,2007PHIL01
2007CHEN15,2007CHEN15
2007WANG07,2007WANG07
2007PINE01,2007PINE01
2007WULE01,2007WULE01
2007WEIS01,2007WEIS01
2005CHAN02,2005CHAN02
2007LUOM01,2007LUOM01
2007WOOB01,2007WOOB01
2007YEEA01,2007YEEA01
2007CHOW01,2007CHOW01
2007GONG01,2007GONG01
2006KARP01,2006KARP01
2007WOOA01,2007WOOA01
2007BLAN01,2007BLAN01
2007FIER01,2007FIER01
2007KOEH02,2007KOEH02
2007WONG01,2007WONG01
2007ALMA01,2007ALMA01
2007WOOR01,2007WOOR01
2007MILL01,2007MILL01
2007RALS01,2007RALS01
2007BAUT02,2007BAUT02
2007CHEN16,2007CHEN16
2007WEIK01,2007WEIK01
2007KUOD01,2007KUOD01
2007ADSU02,2007ADSU02
2006NACO01,2006NACO01
2007LEES01,2007LEES01
2007PARK05,2007PARK05
2006DOOL01,2006DOOL01
2007ADAM01,2007ADAM01
2007BEES01,2007BEES01
2007SLOO01,2007SLOO01
2007BAKK01,2007BAKK01
2007KRUI01,2007KRUI01
2004STEE01,2004STEE01
2007ENDD01,2007ENDD01
2007POSM01,2007POSM01
2007HEUP01,2007HEUP01
2007VALK01,2007VALK01
2007BAKK02,2007BAKK02
2007SLOO02,2007SLOO02
2007KRIJ01,2007KRIJ01
2007ZAND01,2007ZAND01
2005PLOM01,2005PLOM01
2005BAUM01,2005BAUM01
2007GIBN01,2007GIBN01
2007SAHA01,2007SAHA01
2007ALIW01,2007ALIW01
2007ALIS01,2007ALIS01
2007HUGH01,2007HUGH01
2007BUNT01,2007BUNT01
2007ZAMO01,2007ZAMO01
2007ROUT01,2007ROUT01
2007FRYE01,2007FRYE01
2007HUGH04,2007HUGH04
2007HUGH03,2007HUGH03
2007HUGH02,2007HUGH02
2005BRYA01,2005BRYA01
2007BEYE01,2007BEYE01
2006EIDE01,2006EIDE01
2005THON01,2005THON01
2005BOUC01,2005BOUC01
2007LIME01,2007LIME01
2007MOSE02,2007MOSE02
2007CORU01,2007CORU01
2005CAMP01,2005CAMP01
2007GAMB01,2007GAMB01
2007JOOD01,2007JOOD01
2007BRYA01,2007BRYA01
2007LEEJ03,2007LEEJ03
2007BYRT01,2007BYRT01
2007POSE01,2007POSE01
2007HARP01,2007HARP01
2007SECO01,2007SECO01
2006MART03,2006MART03
2007WEST02,2007WEST02
2007VENI01,2007VENI01
2007LIBI01,2007LIBI01
2007MOSE01,2007MOSE01
2007STOV01,2007STOV01
2007LEUN02,2007LEUN02
2007SHAW01,2007SHAW01
2007HOSK01,2007HOSK01
2007MAIS01,2007MAIS01
2007BRAN01,2007BRAN01
2007LEUN03,2007LEUN03
2007MOSE03,2007MOSE03
2007MART04,2007MART04
2007STRO01,2007STRO01
2007DUAN01,2007DUAN01
2007SANM01,2007SANM01
2007DOUT01,2007DOUT01
2007KIMD01,2007KIMD01
2003FALM01,2003FALM01
2007CAVL01,2007CAVL01
2007YUJA01,2007YUJA01
2007HALL02,2007HALL02
2007INOC01,2007INOC01
2007LEEJ02,2007LEEJ02
2007STIL01,2007STIL01
2007GOES01,2007GOES01
2007VUCK01,2007VUCK01
2003ATTA01,2003ATTA01
2007KIMS01,2007KIMS01
2007SHAB01,2007SHAB01
2007TYER01,2007TYER01
2007STUU01,2007STUU01
2007NOVO01,2007NOVO01
2006MATI01,2006MATI01
2007MOKK01,2007MOKK01
2007RYOO01,2007RYOO01
2005WALT02,2005WALT02
2005ANGO01,2005ANGO01
2007RODR01,2007RODR01
2005TOLE01,2005TOLE01
2007AGUA01,2007AGUA01
2005ANGE01,2005ANGE01
2007KUPF01,2007KUPF01
2005PARI01,2005PARI01
2005VIDA01,2005VIDA01
2006DEPE01,2006DEPE01
2007MEDI01,2007MEDI01
2006MORE01,2006MORE01
2007CONT01,2007CONT01
2005NAVA01,2005NAVA01
2007FRAN01,2007FRAN01
2007PERE01,2007PERE01
2007REBU01,2007REBU01
2007GOTA01,2007GOTA01
2004OLCI01,2004OLCI01
2005MUNO01,2005MUNO01
2005MARI01,2005MARI01
2007JIME01,2007JIME01
2007IRAS01,2007IRAS01
2007CAFF01,2007CAFF01
2007REBU02,2007REBU02
2005MUNO02,2005MUNO02
2006FORT01,2006FORT01
2007VILA01,2007VILA01
2007REBU03,2007REBU03
2005MORE01,2005MORE01
2007MERC02,2007MERC02
2004LUIS03,2004LUIS03
2007IRAS02,2007IRAS02
2007CONT02,2007CONT02
2007SEVI01,2007SEVI01
2006IRAS01,2006IRAS01
2007SERR01,2007SERR01
2007SCHE02,2007SCHE02
2007SANC01,2007SANC01
2007SEMP01,2007SEMP01
2007MILA01,2007MILA01
2007GRAN02,2007GRAN02
2007GRAN01,2007GRAN01
2007BATL01,2007BATL01
2007FIDE01,2007FIDE01
2007TAMB01,2007TAMB01
2007ALCA01,2007ALCA01
2007CERP02,2007CERP02
2007CINO01,2007CINO01
2007KAWA01,2007KAWA01
2007KURO01,2007KURO01
2007LAFE01,2007LAFE01
2007RIBE01,2007RIBE01
2007CAPR01,2007CAPR01
2007BRIT01,2007BRIT01
2007TATE01,2007TATE01
2007CERP01,2007CERP01
2007LAFE02,2007LAFE02
2007MICH01,2007MICH01
2007SANT02,2007SANT02
2007ROCH01,2007ROCH01
2007CAMP01,2007CAMP01
2007GOIS01,2007GOIS01
2007BRAU01,2007BRAU01
2007FILH01,2007FILH01
2007PECC01,2007PECC01
2007REIS01,2007REIS01
2007GALL01,2007GALL01
2007HOLD01,2007HOLD01
2007HOLD02,2007HOLD02
2007NAKA04,2007NAKA04
2007HEID01,2007HEID01
2007HOLD03,2007HOLD03
2007YUNQ01,2007YUNQ01
2007FUBO01,2007FUBO01
2007ZHUH01,2007ZHUH01
2007YIWE03,2007YIWE03
2007LUCH02,2007LUCH02
2007YITI01,2007YITI01
2007JION01,2007JION01
2007ZHEN02,2007ZHEN02
2007MING01,2007MING01
2007QIAN01,2007QIAN01
2007ZEZH01,2007ZEZH01
2007YUNS01,2007YUNS01
2007MENG01,2007MENG01
2007YIWE01,2007YIWE01
2007PENG03,2007PENG03
2007XING01,2007XING01
2007TING01,2007TING01
2007KAIH01,2007KAIH01
2007CHAN13,2007CHAN13
2007DANY01,2007DANY01
2007MING02,2007MING02
2007GUOS01,2007GUOS01
2007ZHAO01,2007ZHAO01
2007XIAN01,2007XIAN01
2007GEQU01,2007GEQU01
2007JIEO01,2007JIEO01
2007LARS01,2007LARS01
2007ZUQU01,2007ZUQU01
2007GUOL01,2007GUOL01
2007YAOC01,2007YAOC01
2007YUEP01,2007YUEP01
2007YANG03,2007YANG03
2007SHIJ01,2007SHIJ01
2007FANG01,2007FANG01
2007MINW01,2007MINW01
2007XINZ01,2007XINZ01
2007YAZH01,2007YAZH01
2007RUIQ01,2007RUIQ01
2007JIAC01,2007JIAC01
2007XIND01,2007XIND01
2007RUIX01,2007RUIX01
2007HAOY02,2007HAOY02
2007YANG04,2007YANG04
2007YUXU01,2007YUXU01
2007BOSH01,2007BOSH01
2007WEIW01,2007WEIW01
2007ZHUO01,2007ZHUO01
2007HAOW01,2007HAOW01
2007XIUJ01,2007XIUJ01
2007YONG03,2007YONG03
2007SHUF01,2007SHUF01
2007XIAO02,2007XIAO02
2007HANZ01,2007HANZ01
2007FANZ01,2007FANZ01
2007SHUO01,2007SHUO01
2007HOLM01,2007HOLM01
2007LUND01,2007LUND01
2005GAIN01,2005GAIN01
2007KRIS01,2007KRIS01
2007CLAE03,2007CLAE03
2005ORST01,2005ORST01
2005ASPE01,2005ASPE01
2007CLAE01,2007CLAE01
2005GUST01,2005GUST01
2007KIMB01,2007KIMB01
2007BERG01,2007BERG01
2007CLAE02,2007CLAE02
2006ASPE01,2006ASPE01
2007HOLM02,2007HOLM02
2007JOHA01,2007JOHA01
2007WALL02,2007WALL02
2007RUND01,2007RUND01
2007PRIN01,2007PRIN01
2007KIMB03,2007KIMB03
2007KOLL01,2007KOLL01
2007KIMB02,2007KIMB02
2007LUTH01,2007LUTH01
2007MALL01,2007MALL01
2007DUSS01,2007DUSS01
2007WATI01,2007WATI01
2007PERD01,2007PERD01
2006BREL01,2006BREL01
2007LEEN01,2007LEEN01
2007AMAN01,2007AMAN01
2007BOUR01,2007BOUR01
2007LEMO01,2007LEMO01
2007PIBA01,2007PIBA01
2007DJIA01,2007DJIA01
2007PLAN01,2007PLAN01
2007BOUC01,2007BOUC01
2008ANGU01,2008ANGU01
2007PAPA01,2007PAPA01
2007BAUT01,2007BAUT01
2007MANZ01,2007MANZ01
2007MERC01,2007MERC01
2008CALA01,2008CALA01
2007DAEP01,2007DAEP01
2008BUEN01,2008BUEN01
2007NEPU01,2007NEPU01
2007LUCH01,2007LUCH01
2007ENRI01,2007ENRI01
2008DINO01,2008DINO01
2007ORTE01,2007ORTE01
2007ROGO01,2007ROGO01
2008DOCT01,2008DOCT01
2007SANT01,2007SANT01
2007NABL01,2007NABL01
2008MANA01,2008MANA01
2007UYLY01,2007UYLY01
2008CORP01,2008CORP01
2008ANGE01,2008ANGE01
2008DELA01,2008DELA01
2008GUZM01,2008GUZM01
2008ABAN01,2008ABAN01
2008DAGA01,2008DAGA01
2008MONC01,2008MONC01
2007UYGI01,2007UYGI01
2007PACI01,2007PACI01
2007DIAZ02,2007DIAZ02
2008IGNA01,2008IGNA01
2008ESTE02,2008ESTE02
2008CAST01,2008CAST01
2008ROJA01,2008ROJA01
2008MALL01,2008MALL01
2008MONT01,2008MONT01
2008ESTE01,2008ESTE01
2007LIMO01,2007LIMO01
2007MART03,2007MART03
2008IGNA02,2008IGNA02
2008BAGU01,2008BAGU01
2008RENI01,2008RENI01
2008SIMB01,2008SIMB01
2008RAMI01,2008RAMI01
2008RENI03,2008RENI03
2008RENI02,2008RENI02
2008TORR01,2008TORR01
2007HIRA02,2007HIRA02
2008SASA01,2008SASA01
2006NISH01,2006NISH01
2005UEDA01,2005UEDA01
2008KINJ01,2008KINJ01
2007CHID01,2007CHID01
2008KANN01,2008KANN01
2006MURA01,2006MURA01
2006TABU01,2006TABU01
2005IDEK01,2005IDEK01
2005IDEK02,2005IDEK02
2006IDEK01,2006IDEK01
2005TOMO01,2005TOMO01
2008TOMO01,2008TOMO01
2007OMUR01,2007OMUR01
2007HYUN01,2007HYUN01
2007JUNB01,2007JUNB01
2006HYUN01,2006HYUN01
2006MYEO01,2006MYEO01
2007KYOU01,2007KYOU01
2008YONG02,2008YONG02
2008YUNS02,2008YUNS02
2006YOON01,2006YOON01
2006CHAN08,2006CHAN08
2007GOHO01,2007GOHO01
2006SEUN02,2006SEUN02
2008INHE01,2008INHE01
2008JEON01,2008JEON01
2006SEON01,2006SEON01
2008BUMS01,2008BUMS01
2007JEON01,2007JEON01
2008JIWO01,2008JIWO01
2008HYUN03,2008HYUN03
2007UIYO01,2007UIYO01
2007JEEH01,2007JEEH01
2006JAEY01,2006JAEY01
2007JAEJ02,2007JAEJ02
2007YOUN04,2007YOUN04
2006SEUL01,2006SEUL01
2008JAEW01,2008JAEW01
2008SEOJ01,2008SEOJ01
2008KEON01,2008KEON01
2008SEHA01,2008SEHA01
2008SANG01,2008SANG01
2008HANJ01,2008HANJ01
2008CHAN02,2008CHAN02
2007SEUN03,2007SEUN03
2007DONG01,2007DONG01
2008KWAN02,2008KWAN02
2008YOHA01,2008YOHA01
2006YOUN02,2006YOUN02
2007DOHY01,2007DOHY01
2007KWAN02,2007KWAN02
2008GUNH01,2008GUNH01
2008TAEY01,2008TAEY01
2008JEAB01,2008JEAB01
2008JAEM01,2008JAEM01
2008JIHY01,2008JIHY01
2008HYUN02,2008HYUN02
2008JISU01,2008JISU01
2007SOOA01,2007SOOA01
2008KWAN01,2008KWAN01
2008INSU01,2008INSU01
2008YEBO01,2008YEBO01
2008SUNG03,2008SUNG03
2007YULH01,2007YULH01
2008WOOI01,2008WOOI01
2008DAEK01,2008DAEK01
2008JISE01,2008JISE01
2007JAEY02,2007JAEY02
2007SUNG01,2007SUNG01
2007SEUN02,2007SEUN02
2007JUNM01,2007JUNM01
2006HASE01,2006HASE01
2008JONG01,2008JONG01
2008SEON01,2008SEON01
2007SEUN04,2007SEUN04
2006KYUN02,2006KYUN02
2007SEOK01,2007SEOK01
2008JUNG01,2008JUNG01
2006CHAN05,2006CHAN05
2007JAEH02,2007JAEH02
2007HYOE01,2007HYOE01
2008YOUN01,2008YOUN01
2008BYUN01,2008BYUN01
2008DONG02,2008DONG02
2007MINS02,2007MINS02
2008KANG01,2008KANG01
2007JOON01,2007JOON01
2006KYUN01,2006KYUN01
2006WONB01,2006WONB01
2008EUNM01,2008EUNM01
2008JIHO01,2008JIHO01
2008BYEO01,2008BYEO01
2008CHAN01,2008CHAN01
2008SUNG02,2008SUNG02
2008JONG02,2008JONG02
2007HANW01,2007HANW01
2007JINH01,2007JINH01
